{"__symbolic":"module","version":1,"metadata":{"WebAudioPlayer":{"__symbolic":"class","decorators":[{"__symbolic":"call","expression":{"__symbolic":"reference","module":"@angular/core","name":"Injectable"}}],"members":{"__ctor__":[{"__symbolic":"constructor"}],"createAudio":[{"__symbolic":"method"}],"onTimeUpdate":[{"__symbolic":"method"}],"play":[{"__symbolic":"method"}],"pause":[{"__symbolic":"method"}],"stop":[{"__symbolic":"method"}],"seekTo":[{"__symbolic":"method"}],"destroy":[{"__symbolic":"method"}]}}}}