{"__symbolic":"module","version":1,"metadata":{"Musicfiles":{"__symbolic":"class","decorators":[{"__symbolic":"call","expression":{"__symbolic":"reference","module":"@angular/core","name":"Component"},"arguments":[{"selector":"page-musicfiles","templateUrl":"musicfiles.html"}]}],"members":{"audiotrackplay":[{"__symbolic":"property","decorators":[{"__symbolic":"call","expression":{"__symbolic":"reference","module":"@angular/core","name":"ViewChild"},"arguments":[{"__symbolic":"reference","module":"../audiotrackplay/audiotrackplay","name":"Audiotrackplay"}]}]}],"audioplayer":[{"__symbolic":"property","decorators":[{"__symbolic":"call","expression":{"__symbolic":"reference","module":"@angular/core","name":"ViewChild"},"arguments":[{"__symbolic":"reference","module":"../audioplayer/audioplayer","name":"Audioplayer"}]}]}],"MusicStatusChanged":[{"__symbolic":"property","decorators":[{"__symbolic":"call","expression":{"__symbolic":"reference","module":"@angular/core","name":"Output"}}]}],"__ctor__":[{"__symbolic":"constructor","parameters":[{"__symbolic":"reference","module":"ionic-angular","name":"NavController"},{"__symbolic":"reference","module":"../../providers/fetch-music-files","name":"FetchMusicFiles"},{"__symbolic":"reference","module":"../../providers/audio-player-provider","name":"WebAudioPlayer"},{"__symbolic":"reference","module":"ionic-angular","name":"Platform"}]}],"ionViewDidLoad":[{"__symbolic":"method"}],"fetchMusicFileAndShowData":[{"__symbolic":"method"}],"startNewPlayer":[{"__symbolic":"method"}],"stopAllmusic":[{"__symbolic":"method"}],"downloadMusic":[{"__symbolic":"method"}]}}}}