{"__symbolic":"module","version":1,"metadata":{"Audiotrackplay":{"__symbolic":"class","decorators":[{"__symbolic":"call","expression":{"__symbolic":"reference","module":"@angular/core","name":"Component"},"arguments":[{"selector":"audio-track-play","templateUrl":"audiotrackplay.html"}]}],"members":{"MusicStatusChange":[{"__symbolic":"property","decorators":[{"__symbolic":"call","expression":{"__symbolic":"reference","module":"@angular/core","name":"Output"}}]}],"music":[{"__symbolic":"property","decorators":[{"__symbolic":"call","expression":{"__symbolic":"reference","module":"@angular/core","name":"Input"}}]}],"__ctor__":[{"__symbolic":"constructor","parameters":[{"__symbolic":"reference","module":"../../providers/audio-player-provider","name":"WebAudioPlayer"}]}],"ionViewDidLoad":[{"__symbolic":"method"}],"playMusic":[{"__symbolic":"method"}],"pauseMusic":[{"__symbolic":"method"}],"stopMusic":[{"__symbolic":"method"}],"onSelect":[{"__symbolic":"method"}]}}}}