{"__symbolic":"module","version":1,"metadata":{"Audioplayer":{"__symbolic":"class","decorators":[{"__symbolic":"call","expression":{"__symbolic":"reference","module":"@angular/core","name":"Component"},"arguments":[{"selector":"audioplayer","templateUrl":"audioplayer.html"}]}],"members":{"__ctor__":[{"__symbolic":"constructor","parameters":[{"__symbolic":"reference","module":"@angular/core","name":"ElementRef"},{"__symbolic":"reference","module":"@angular/core","name":"Renderer"},{"__symbolic":"reference","module":"../../providers/audio-player-provider","name":"WebAudioPlayer"}]}],"ionViewDidLoad":[{"__symbolic":"method"}],"progress":[{"__symbolic":"property","decorators":[{"__symbolic":"call","expression":{"__symbolic":"reference","module":"@angular/core","name":"Input"}}]}],"duration":[{"__symbolic":"property","decorators":[{"__symbolic":"call","expression":{"__symbolic":"reference","module":"@angular/core","name":"Input"}}]}],"ngOnInit":[{"__symbolic":"method"}],"ngDoCheck":[{"__symbolic":"method"}],"seekTo":[{"__symbolic":"method"}]}}}}