{"__symbolic":"module","version":1,"metadata":{"Homepage":{"__symbolic":"class","decorators":[{"__symbolic":"call","expression":{"__symbolic":"reference","module":"@angular/core","name":"Component"},"arguments":[{"selector":"page-homepage","templateUrl":"homepage.html"}]}],"members":{"__ctor__":[{"__symbolic":"constructor","parameters":[{"__symbolic":"reference","module":"ionic-angular","name":"NavController"}]}],"ionViewDidLoad":[{"__symbolic":"method"}],"openPage":[{"__symbolic":"method"}]}}}}