{"__symbolic":"module","version":1,"metadata":{"MyApp":{"__symbolic":"class","decorators":[{"__symbolic":"call","expression":{"__symbolic":"reference","module":"@angular/core","name":"Component"},"arguments":[{"templateUrl":"app.html"}]}],"members":{"nav":[{"__symbolic":"property","decorators":[{"__symbolic":"call","expression":{"__symbolic":"reference","module":"@angular/core","name":"ViewChild"},"arguments":[{"__symbolic":"reference","module":"ionic-angular","name":"Nav"}]}]}],"__ctor__":[{"__symbolic":"constructor","parameters":[{"__symbolic":"reference","module":"ionic-angular","name":"Platform"},{"__symbolic":"reference","module":"ionic-angular","name":"MenuController"}]}],"initializeApp":[{"__symbolic":"method"}],"openPage":[{"__symbolic":"method"}]}}}}