{"__symbolic":"module","version":1,"metadata":{"AppModule":{"__symbolic":"class","decorators":[{"__symbolic":"call","expression":{"__symbolic":"reference","module":"@angular/core","name":"NgModule"},"arguments":[{"declarations":[{"__symbolic":"reference","module":"./app.component","name":"MyApp"},{"__symbolic":"reference","module":"../pages/homepage/homepage","name":"Homepage"},{"__symbolic":"reference","module":"../pages/musicfiles/musicfiles","name":"Musicfiles"},{"__symbolic":"reference","module":"../pages/audioplayer/audioplayer","name":"Audioplayer"},{"__symbolic":"reference","module":"../pages/audiotrackplay/audiotrackplay","name":"Audiotrackplay"},{"__symbolic":"reference","module":"../pipes/audio-time-pipe","name":"AudioTimePipe"}],"imports":[{"__symbolic":"call","expression":{"__symbolic":"select","expression":{"__symbolic":"reference","module":"ionic-angular","name":"IonicModule"},"member":"forRoot"},"arguments":[{"__symbolic":"reference","module":"./app.component","name":"MyApp"}]}],"bootstrap":[{"__symbolic":"reference","module":"ionic-angular","name":"IonicApp"}],"entryComponents":[{"__symbolic":"reference","module":"./app.component","name":"MyApp"},{"__symbolic":"reference","module":"../pages/homepage/homepage","name":"Homepage"},{"__symbolic":"reference","module":"../pages/musicfiles/musicfiles","name":"Musicfiles"}],"providers":[{"__symbolic":"reference","module":"../providers/fetch-music-files","name":"FetchMusicFiles"},{"__symbolic":"reference","module":"../providers/audio-player-provider","name":"WebAudioPlayer"}]}]}]}}}