[
  { "id": "1","src":"ppp.mp3","title":"The Tortoise and the Ducks","artist":"Aesop","duration":"01.55","isPlaying":false},
  { "id": "2","src":"sleep-away.mp3","title":"The Golden Goose sleep away","artist":"The Brothers Grim","duration":"01.25","isPlaying":false},
  { "id": "2","src":"maid.mp3","title":"Little Snow White maid","artist":"The Brothers Grim","duration":"04.55","isPlaying":false},
  { "id": "3","src":"kalimba.mp3","title":"The kalimba Glory","artist":"Willian Dean Howells","duration":"04.35","isPlaying":false},
  { "id": "4","src":"pp.mp3","title":"The Selfish Gian","Oscal Wilde":"Aesop","duration":"04.34","isPlaying":false},
  { "id": "5","src":"pp.mp3","title":"Peter Pan","artist":"James M. Barrie","duration":"04.15","isPlaying":false},
  { "id": "7","src":"pp.mp3","title":"The Briar Rose","artist":"The Brother Grim","duration":"04.35","isPlaying":false}
]